time,survival,confidence_lower,confidence_upper
0.0,1.0,1.0,1.0
77.05936911573149,1.0,1.0,1.0
88.93603623199633,1.0,1.0,1.0
93.74471635522404,1.0,1.0,1.0
102.11626919871895,1.0,1.0,1.0
107.34913427198732,1.0,1.0,1.0
109.99208060104046,1.0,1.0,1.0
111.35961698731757,1.0,1.0,1.0
113.04459273643394,1.0,1.0,1.0
118.84635264237356,1.0,1.0,1.0
119.33722299371664,1.0,1.0,1.0
120.18673170202536,1.0,1.0,1.0
120.22990153751093,1.0,1.0,1.0
120.45045640168348,1.0,1.0,1.0
122.92664300565772,1.0,1.0,1.0
125.75485937659316,1.0,1.0,1.0
132.03426012643538,1.0,1.0,1.0
136.05754921495924,1.0,1.0,1.0
138.30091155050283,1.0,1.0,1.0
140.08783993151897,1.0,1.0,1.0
141.94730150013996,1.0,1.0,1.0
144.08508070285092,1.0,1.0,1.0
145.49079197955686,1.0,1.0,1.0
146.44341223209966,1.0,1.0,1.0
147.2333896744835,1.0,1.0,1.0
148.34640874598097,1.0,1.0,1.0
150.42279545056647,1.0,1.0,1.0
152.65385814826655,1.0,1.0,1.0
153.25144751693804,1.0,1.0,1.0
154.4569493596618,1.0,1.0,1.0
155.6035808264237,1.0,1.0,1.0
157.6900578958163,1.0,1.0,1.0
158.79927464786402,1.0,1.0,1.0
158.83851654020006,1.0,1.0,1.0
160.30957431974682,1.0,1.0,1.0
162.9929400492151,1.0,1.0,1.0
164.441797189648,1.0,1.0,1.0
164.60219741271968,1.0,1.0,1.0
165.53418112643166,1.0,1.0,1.0
167.4255749167153,1.0,1.0,1.0
168.53676026411827,1.0,1.0,1.0
169.51070422778398,1.0,1.0,1.0
169.85622321912896,1.0,1.0,1.0
170.8088952492771,1.0,1.0,1.0
171.18340824732255,1.0,1.0,1.0
171.79121466395128,1.0,1.0,1.0
173.44359059835975,1.0,1.0,1.0
174.7888626986509,1.0,1.0,1.0
175.14677268606985,1.0,1.0,1.0
175.41074001098647,1.0,1.0,1.0
176.4394500969465,1.0,1.0,1.0
177.76081568923476,1.0,1.0,1.0
178.85473089611185,1.0,1.0,1.0
181.17851524577415,1.0,1.0,1.0
181.39942484698176,1.0,1.0,1.0
182.0829397164955,1.0,1.0,1.0
182.1166679680232,1.0,1.0,1.0
182.34868994154053,1.0,1.0,1.0
182.3735630597222,1.0,1.0,1.0
185.60700608846727,1.0,1.0,1.0
186.855761508497,1.0,1.0,1.0
187.5841699998656,1.0,1.0,1.0
188.50708640904895,1.0,1.0,1.0
188.54226479095496,1.0,1.0,1.0
189.4968581416662,1.0,1.0,1.0
189.6469014481009,1.0,1.0,1.0
190.62986638190284,1.0,1.0,1.0
191.85633240956824,1.0,1.0,1.0
192.8118167694457,1.0,1.0,1.0
195.03676151711585,1.0,1.0,1.0
195.4542865141826,1.0,1.0,1.0
195.47393493818643,1.0,1.0,1.0
195.6026025143399,1.0,1.0,1.0
195.83146500871445,1.0,1.0,1.0
195.98090429791253,1.0,1.0,1.0
196.82851042189745,1.0,1.0,1.0
197.6343216504293,1.0,1.0,1.0
197.6401278424591,1.0,1.0,1.0
197.82215850978497,1.0,1.0,1.0
198.35558178578484,1.0,1.0,1.0
199.72904133516724,1.0,1.0,1.0
200.0037778212778,1.0,1.0,1.0
200.36675564511532,1.0,1.0,1.0
201.18810110485515,1.0,1.0,1.0
201.22757370696016,1.0,1.0,1.0
202.3753868916698,1.0,1.0,1.0
204.0581258207635,1.0,1.0,1.0
204.0721471705688,1.0,1.0,1.0
205.56445104020963,1.0,1.0,1.0
206.462641475484,1.0,1.0,1.0
207.77783533165749,1.0,1.0,1.0
210.02221570930388,1.0,1.0,1.0
210.07895132906913,1.0,1.0,1.0
210.1178487176284,1.0,1.0,1.0
210.52682629639676,1.0,1.0,1.0
211.39560208962,1.0,1.0,1.0
211.87782398121453,1.0,1.0,1.0
212.33854318560907,1.0,1.0,1.0
212.9321398015736,1.0,1.0,1.0
213.0157057306536,1.0,1.0,1.0
213.82406190079777,1.0,1.0,1.0
214.8835004382803,1.0,1.0,1.0
215.1865034448709,1.0,1.0,1.0
215.31896469304823,1.0,1.0,1.0
215.3448910214916,1.0,1.0,1.0
215.9385089619296,1.0,1.0,1.0
216.61182083383213,1.0,1.0,1.0
216.99820450499112,1.0,1.0,1.0
218.20819745336672,1.0,1.0,1.0
218.9090707353394,1.0,1.0,1.0
219.54040934556335,1.0,1.0,1.0
219.61809490747075,1.0,1.0,1.0
220.09969179464156,1.0,1.0,1.0
221.56208576241505,1.0,1.0,1.0
221.8821828982026,1.0,1.0,1.0
222.27309367652745,1.0,1.0,1.0
222.3161740605139,1.0,1.0,1.0
223.07933312059924,1.0,1.0,1.0
223.6038984725298,1.0,1.0,1.0
223.84570097288227,1.0,1.0,1.0
224.0378606345568,1.0,1.0,1.0
224.7871230554253,1.0,1.0,1.0
225.37034450982944,1.0,1.0,1.0
225.83756526374592,1.0,1.0,1.0
226.03125221514304,1.0,1.0,1.0
227.0978619983001,1.0,1.0,1.0
227.60490198916077,1.0,1.0,1.0
228.16195847235812,1.0,1.0,1.0
228.77106419283183,1.0,1.0,1.0
229.55957879936412,1.0,1.0,1.0
230.19752732005324,1.0,1.0,1.0
230.9937911605104,1.0,1.0,1.0
231.80468460095943,1.0,1.0,1.0
232.12741286433535,1.0,1.0,1.0
232.64319126076464,1.0,1.0,1.0
233.4650543054185,1.0,1.0,1.0
233.59422658858463,1.0,1.0,1.0
233.71042460987303,1.0,1.0,1.0
233.7140742035449,1.0,1.0,1.0
233.7606109380768,1.0,1.0,1.0
236.46790337344063,1.0,1.0,1.0
236.55032601216115,1.0,1.0,1.0
236.58608627260665,1.0,1.0,1.0
237.2342327684136,1.0,1.0,1.0
237.3782207831679,1.0,1.0,1.0
237.75373238873837,1.0,1.0,1.0
238.71366026334613,1.0,1.0,1.0
239.72373540841735,1.0,1.0,1.0
240.27720436338612,1.0,1.0,1.0
240.93989266829664,1.0,1.0,1.0
240.961635069705,1.0,1.0,1.0
242.0853263161104,1.0,1.0,1.0
242.12792264147697,1.0,1.0,1.0
242.20767090288388,1.0,1.0,1.0
243.53693961145063,1.0,1.0,1.0
243.68326077045583,1.0,1.0,1.0
243.8557879979567,1.0,1.0,1.0
243.90599345767356,1.0,1.0,1.0
244.1797106130284,1.0,1.0,1.0
244.8085604967031,1.0,1.0,1.0
245.682534516788,1.0,1.0,1.0
246.33547882125333,1.0,1.0,1.0
246.6709668631675,1.0,1.0,1.0
246.72150996456847,1.0,1.0,1.0
247.01418910504404,1.0,1.0,1.0
247.16588239844089,1.0,1.0,1.0
247.6249138211586,1.0,1.0,1.0
248.82694833594957,1.0,1.0,1.0
248.9505067660886,1.0,1.0,1.0
249.4987260132952,1.0,1.0,1.0
250.04960887408237,1.0,1.0,1.0
250.5913460103432,1.0,1.0,1.0
252.62809758260337,1.0,1.0,1.0
253.38055989256216,1.0,1.0,1.0
253.6115608797975,1.0,1.0,1.0
254.1306077752215,1.0,1.0,1.0
254.31316877034604,1.0,1.0,1.0
254.69583057032207,1.0,1.0,1.0
255.0682078465642,1.0,1.0,1.0
255.97788648104256,1.0,1.0,1.0
255.98182865666715,1.0,1.0,1.0
256.1168306246374,1.0,1.0,1.0
256.17735612160357,1.0,1.0,1.0
256.2824048747045,1.0,1.0,1.0
256.4070759415367,1.0,1.0,1.0
256.7011371410307,1.0,1.0,1.0
257.24000162554097,1.0,1.0,1.0
257.74827762467544,1.0,1.0,1.0
258.3335642588448,1.0,1.0,1.0
258.7031968930516,1.0,1.0,1.0
258.7170384360141,1.0,1.0,1.0
258.89452777872725,1.0,1.0,1.0
258.91288202373545,1.0,1.0,1.0
259.85381788542907,1.0,1.0,1.0
260.7517346621955,1.0,1.0,1.0
260.8063769316722,1.0,1.0,1.0
260.87868770957175,1.0,1.0,1.0
261.12301022598956,1.0,1.0,1.0
262.03641894570944,1.0,1.0,1.0
262.29102475199494,1.0,1.0,1.0
262.47826676248474,1.0,1.0,1.0
262.8218071447439,1.0,1.0,1.0
263.4925449193562,1.0,1.0,1.0
263.67529174795277,1.0,1.0,1.0
263.7316977970784,1.0,1.0,1.0
264.2242722118625,1.0,1.0,1.0
265.53423063177206,1.0,1.0,1.0
265.7248509268684,1.0,1.0,1.0
265.9237153255602,1.0,1.0,1.0
266.0475115841527,1.0,1.0,1.0
267.1000991906871,1.0,1.0,1.0
267.15520048662205,1.0,1.0,1.0
268.1674944604345,1.0,1.0,1.0
269.4536312889359,1.0,1.0,1.0
269.5093787068126,1.0,1.0,1.0
270.37356699523247,1.0,1.0,1.0
271.68875829296275,1.0,1.0,1.0
271.74308724677445,1.0,1.0,1.0
272.1399689110503,1.0,1.0,1.0
273.0021949819891,1.0,1.0,1.0
273.87807249004777,1.0,1.0,1.0
274.06214347328506,1.0,1.0,1.0
274.20315569771094,1.0,1.0,1.0
274.33692077694957,1.0,1.0,1.0
274.5182662559967,1.0,1.0,1.0
274.9030696657889,1.0,1.0,1.0
275.5013507673519,1.0,1.0,1.0
275.8752681004412,1.0,1.0,1.0
275.97385100422395,1.0,1.0,1.0
277.194947775519,1.0,1.0,1.0
277.3269354529563,1.0,1.0,1.0
277.52867631490835,1.0,1.0,1.0
277.7122311713174,1.0,1.0,1.0
278.00271680765053,1.0,1.0,1.0
278.38966306474094,1.0,1.0,1.0
278.9688871104554,1.0,1.0,1.0
278.97929295092706,1.0,1.0,1.0
279.71676652973065,1.0,1.0,1.0
280.92198551002576,1.0,1.0,1.0
281.1740555681747,1.0,1.0,1.0
281.4941889257038,1.0,1.0,1.0
281.6894195959599,1.0,1.0,1.0
281.89630288586176,1.0,1.0,1.0
282.07978359809374,1.0,1.0,1.0
282.62081703602536,1.0,1.0,1.0
282.77169432537556,1.0,1.0,1.0
282.7903909555156,1.0,1.0,1.0
282.93032829092203,1.0,1.0,1.0
283.8825569000044,1.0,1.0,1.0
284.65953467907013,1.0,1.0,1.0
285.0500216366709,1.0,1.0,1.0
285.17042889278986,1.0,1.0,1.0
285.36718756941497,1.0,1.0,1.0
285.46821531743046,1.0,1.0,1.0
285.4977173915389,1.0,1.0,1.0
285.6805897920486,1.0,1.0,1.0
285.80365911761993,1.0,1.0,1.0
285.9428971983882,1.0,1.0,1.0
286.13857104589636,1.0,1.0,1.0
286.3796727599079,1.0,1.0,1.0
286.5737580976888,1.0,1.0,1.0
286.9316292541033,1.0,1.0,1.0
287.1307664169506,1.0,1.0,1.0
287.1929134366,1.0,1.0,1.0
287.267916255917,1.0,1.0,1.0
287.29737097119016,1.0,1.0,1.0
287.315237995446,1.0,1.0,1.0
287.4164393300487,1.0,1.0,1.0
287.56471906744173,1.0,1.0,1.0
287.8494792720367,1.0,1.0,1.0
287.87341059438137,1.0,1.0,1.0
287.921132120033,1.0,1.0,1.0
288.0708835944877,1.0,1.0,1.0
288.33967149049283,1.0,1.0,1.0
288.9419002160871,1.0,1.0,1.0
289.1488549298278,1.0,1.0,1.0
289.24179372822385,1.0,1.0,1.0
289.57235994085653,1.0,1.0,1.0
290.1301770899905,1.0,1.0,1.0
290.6316166742861,1.0,1.0,1.0
290.7743857389593,1.0,1.0,1.0
290.8493294256905,1.0,1.0,1.0
292.40775732102674,1.0,1.0,1.0
292.7281508570741,1.0,1.0,1.0
293.1340220367227,1.0,1.0,1.0
293.41423845398646,1.0,1.0,1.0
293.5110436497494,1.0,1.0,1.0
293.9032457665062,1.0,1.0,1.0
294.450483344518,1.0,1.0,1.0
294.68927622886457,1.0,1.0,1.0
295.2141066309567,1.0,1.0,1.0
295.22518728614506,1.0,1.0,1.0
295.4018976188766,1.0,1.0,1.0
295.69206848386443,1.0,1.0,1.0
295.7863337828758,1.0,1.0,1.0
296.23022334955573,1.0,1.0,1.0
297.03183790043937,1.0,1.0,1.0
298.2738300618304,1.0,1.0,1.0
299.3170438870237,1.0,1.0,1.0
299.3390377546365,1.0,1.0,1.0
299.690988798464,1.0,1.0,1.0
299.71938425834594,1.0,1.0,1.0
300.0531907374237,1.0,1.0,1.0
300.38886229442954,1.0,1.0,1.0
300.6398102756146,1.0,1.0,1.0
300.6432078883154,1.0,1.0,1.0
300.76678263684323,1.0,1.0,1.0
300.9326339921153,1.0,1.0,1.0
301.0787277315343,1.0,1.0,1.0
301.68795963712967,1.0,1.0,1.0
302.20678431798046,1.0,1.0,1.0
302.8300553422395,1.0,1.0,1.0
302.8731636510883,1.0,1.0,1.0
302.89944005181405,1.0,1.0,1.0
302.9139534751541,1.0,1.0,1.0
303.08694993345614,1.0,1.0,1.0
303.98795289954074,1.0,1.0,1.0
304.12538492112594,1.0,1.0,1.0
304.154505837869,1.0,1.0,1.0
304.3298359557013,1.0,1.0,1.0
305.03190213688794,1.0,1.0,1.0
305.1150483647436,1.0,1.0,1.0
305.4647632027132,1.0,1.0,1.0
305.5526879249015,1.0,1.0,1.0
306.03173932373664,1.0,1.0,1.0
306.17459056459427,1.0,1.0,1.0
307.0440573331273,1.0,1.0,1.0
307.2472896501461,1.0,1.0,1.0
307.6894309268679,1.0,1.0,1.0
308.0056537854249,1.0,1.0,1.0
308.1683352468026,1.0,1.0,1.0
308.3670779970812,1.0,1.0,1.0
308.51046833969025,1.0,1.0,1.0
309.02524182424514,1.0,1.0,1.0
309.0715967388784,1.0,1.0,1.0
309.6134308873881,1.0,1.0,1.0
309.7726947388332,1.0,1.0,1.0
309.8605241563185,1.0,1.0,1.0
309.9518861207547,1.0,1.0,1.0
310.8759940935336,1.0,1.0,1.0
311.0227260834416,1.0,1.0,1.0
311.0406606831036,1.0,1.0,1.0
311.26366536870006,1.0,1.0,1.0
311.6993153356819,1.0,1.0,1.0
311.7806982075332,1.0,1.0,1.0
312.02312743495344,1.0,1.0,1.0
312.43788514232904,1.0,1.0,1.0
313.0366268275007,1.0,1.0,1.0
313.44416883734306,1.0,1.0,1.0
313.66749602347585,1.0,1.0,1.0
314.2064883754252,1.0,1.0,1.0
314.7240977800331,1.0,1.0,1.0
314.7770207047007,1.0,1.0,1.0
314.9587756381369,1.0,1.0,1.0
315.00406305368193,1.0,1.0,1.0
315.0751119243287,1.0,1.0,1.0
315.432966654204,1.0,1.0,1.0
316.1746950425183,1.0,1.0,1.0
316.5531327192456,1.0,1.0,1.0
316.85173150415227,1.0,1.0,1.0
317.2812342367999,1.0,1.0,1.0
317.46482164693987,1.0,1.0,1.0
317.67269099505825,1.0,1.0,1.0
317.9508275225165,1.0,1.0,1.0
317.96112909204044,1.0,1.0,1.0
318.52378055337545,1.0,1.0,1.0
318.81675084907073,1.0,1.0,1.0
318.8631903796749,1.0,1.0,1.0
319.3440217186509,1.0,1.0,1.0
319.4036175697689,1.0,1.0,1.0
319.49618590166,1.0,1.0,1.0
319.8969844335562,1.0,1.0,1.0
320.41377750810943,1.0,1.0,1.0
320.4491321720715,1.0,1.0,1.0
320.69363849790807,1.0,1.0,1.0
321.0332700062824,1.0,1.0,1.0
321.1979026325357,1.0,1.0,1.0
321.7065406800913,1.0,1.0,1.0
321.811777219551,1.0,1.0,1.0
322.2282054388516,1.0,1.0,1.0
322.3217725074447,1.0,1.0,1.0
322.6154523756149,1.0,1.0,1.0
322.76531639896695,1.0,1.0,1.0
322.7785245496941,1.0,1.0,1.0
323.3444015430809,1.0,1.0,1.0
323.45454305670876,1.0,1.0,1.0
323.5212665590527,1.0,1.0,1.0
323.72225547829316,1.0,1.0,1.0
323.7234534785552,1.0,1.0,1.0
323.9289576165882,1.0,1.0,1.0
324.03442865572214,1.0,1.0,1.0
324.46315919752396,1.0,1.0,1.0
324.50944048370775,1.0,1.0,1.0
324.8186444593055,1.0,1.0,1.0
324.95357706907737,1.0,1.0,1.0
325.5560186145365,1.0,1.0,1.0
325.9386561274141,1.0,1.0,1.0
326.0481460317455,1.0,1.0,1.0
326.2344710873733,1.0,1.0,1.0
326.57066439490734,1.0,1.0,1.0
327.42617902808536,1.0,1.0,1.0
327.6964422440289,1.0,1.0,1.0
327.95621799339966,1.0,1.0,1.0
328.1931741397614,1.0,1.0,1.0
328.3663476556967,1.0,1.0,1.0
328.63917574213053,1.0,1.0,1.0
328.6599465170284,1.0,1.0,1.0
328.73201503134544,1.0,1.0,1.0
328.84266257101467,1.0,1.0,1.0
328.9731424784987,1.0,1.0,1.0
329.0655896146211,1.0,1.0,1.0
329.1901802347877,1.0,1.0,1.0
329.27330859043724,1.0,1.0,1.0
329.4683040843146,1.0,1.0,1.0
329.7084229863552,1.0,1.0,1.0
329.77391774799105,1.0,1.0,1.0
329.84973785588596,1.0,1.0,1.0
330.4446194781746,1.0,1.0,1.0
330.63136777955543,1.0,1.0,1.0
330.79189816050774,1.0,1.0,1.0
331.4078814242176,1.0,1.0,1.0
331.5491640633325,1.0,1.0,1.0
331.67727920478904,1.0,1.0,1.0
331.6905326254256,1.0,1.0,1.0
332.13949534337513,1.0,1.0,1.0
332.23941949339843,1.0,1.0,1.0
332.2412668305737,1.0,1.0,1.0
332.31728245700907,1.0,1.0,1.0
332.4477355196573,1.0,1.0,1.0
332.68107479007875,1.0,1.0,1.0
332.69292524814665,1.0,1.0,1.0
332.71035116990606,1.0,1.0,1.0
333.1386626170386,1.0,1.0,1.0
333.8976579249466,1.0,1.0,1.0
333.97887208815223,1.0,1.0,1.0
334.0974206622111,1.0,1.0,1.0
334.4703975490878,1.0,1.0,1.0
334.8312902043487,1.0,1.0,1.0
335.07653095235077,1.0,1.0,1.0
335.19869058270666,1.0,1.0,1.0
335.21512050255245,1.0,1.0,1.0
335.3673614675734,1.0,1.0,1.0
336.34649937633594,1.0,1.0,1.0
336.5406170591095,1.0,1.0,1.0
336.7309184936541,1.0,1.0,1.0
337.31729666068054,1.0,1.0,1.0
337.41030498651406,1.0,1.0,1.0
337.42368621031375,1.0,1.0,1.0
338.3069422424272,1.0,1.0,1.0
338.32391962800455,1.0,1.0,1.0
338.60628289232994,1.0,1.0,1.0
338.772719788264,1.0,1.0,1.0
338.9215993441487,1.0,1.0,1.0
339.14109222990027,1.0,1.0,1.0
339.26374692729564,1.0,1.0,1.0
339.84035991589394,1.0,1.0,1.0
340.0127871354897,1.0,1.0,1.0
340.0506963566786,1.0,1.0,1.0
340.0883496163901,1.0,1.0,1.0
340.29841989469884,1.0,1.0,1.0
340.3308226002069,1.0,1.0,1.0
340.41018090430146,1.0,1.0,1.0
340.9576084736724,1.0,1.0,1.0
341.3431581132473,1.0,1.0,1.0
341.427571133501,1.0,1.0,1.0
341.5473077651482,1.0,1.0,1.0
341.59828513057477,1.0,1.0,1.0
341.67456113964033,1.0,1.0,1.0
342.4447041613545,1.0,1.0,1.0
342.5185776718486,1.0,1.0,1.0
342.8568069803208,1.0,1.0,1.0
342.9209937363686,1.0,1.0,1.0
343.4053050439963,1.0,1.0,1.0
343.4121420321786,1.0,1.0,1.0
343.4710747791939,1.0,1.0,1.0
344.54216315543255,1.0,1.0,1.0
344.5533444473628,1.0,1.0,1.0
344.8392530428479,1.0,1.0,1.0
345.0848581829997,1.0,1.0,1.0
345.1820252400058,1.0,1.0,1.0
345.30721755029185,1.0,1.0,1.0
345.34167995941897,1.0,1.0,1.0
345.3733887803515,1.0,1.0,1.0
346.86140383521104,1.0,1.0,1.0
347.5266961449738,1.0,1.0,1.0
347.78970091982274,1.0,1.0,1.0
347.8656662559598,1.0,1.0,1.0
348.9091782830634,1.0,1.0,1.0
350.60591782815277,1.0,1.0,1.0
350.69419829126224,1.0,1.0,1.0
351.3131233325622,1.0,1.0,1.0
351.3900997271432,1.0,1.0,1.0
351.6636470497107,1.0,1.0,1.0
352.9819942237951,1.0,1.0,1.0
352.9972654582199,1.0,1.0,1.0
353.1838442953799,1.0,1.0,1.0
353.5204905218024,1.0,1.0,1.0
353.9437717390331,1.0,1.0,1.0
354.3549807733612,1.0,1.0,1.0
354.69258907230784,1.0,1.0,1.0
354.9503403198099,1.0,1.0,1.0
355.1542174652829,1.0,1.0,1.0
355.5170447586934,1.0,1.0,1.0
355.5682638011809,1.0,1.0,1.0
355.71529972055197,1.0,1.0,1.0
355.78871218481345,1.0,1.0,1.0
356.03304800266994,1.0,1.0,1.0
356.157899321624,1.0,1.0,1.0
356.1764001468225,1.0,1.0,1.0
356.6840020521819,1.0,1.0,1.0
356.7199669194661,1.0,1.0,1.0
356.751757868677,1.0,1.0,1.0
357.2678123633848,1.0,1.0,1.0
357.29094021359674,1.0,1.0,1.0
357.58245107218,1.0,1.0,1.0
358.04889499573454,1.0,1.0,1.0
358.0592579496459,1.0,1.0,1.0
358.15728283046917,1.0,1.0,1.0
358.2912081790168,1.0,1.0,1.0
358.3723044212551,1.0,1.0,1.0
358.4522645851376,1.0,1.0,1.0
358.4543120992936,1.0,1.0,1.0
358.7480441344606,1.0,1.0,1.0
358.92152552470907,1.0,1.0,1.0
359.2114445586292,1.0,1.0,1.0
359.27846084412903,1.0,1.0,1.0
359.28604824200016,1.0,1.0,1.0
359.30522759514446,1.0,1.0,1.0
359.3569957867913,1.0,1.0,1.0
359.6007484622947,1.0,1.0,1.0
359.66255528813423,1.0,1.0,1.0
359.7511462687678,1.0,1.0,1.0
359.99148887785435,1.0,1.0,1.0
360.12727833981575,1.0,1.0,1.0
360.5029778174301,1.0,1.0,1.0
361.7896948423422,1.0,1.0,1.0
362.0743048566289,1.0,1.0,1.0
362.2372191345236,1.0,1.0,1.0
362.8684690357778,1.0,1.0,1.0
362.9961064489268,1.0,1.0,1.0
363.35186218858826,1.0,1.0,1.0
363.48994614513794,1.0,1.0,1.0
364.4745929078059,1.0,1.0,1.0
365.0140378893987,1.0,1.0,1.0
365.1336956936609,1.0,1.0,1.0
365.1853517257617,1.0,1.0,1.0
365.21974154154486,1.0,1.0,1.0
365.3756290788532,1.0,1.0,1.0
365.5779856966357,1.0,1.0,1.0
365.8019897870569,1.0,1.0,1.0
366.2176133995585,1.0,1.0,1.0
366.5316853810056,1.0,1.0,1.0
366.7660078586718,1.0,1.0,1.0
367.2320466231751,1.0,1.0,1.0
367.4249880516695,1.0,1.0,1.0
368.208053566381,1.0,1.0,1.0
368.22371853114254,1.0,1.0,1.0
368.2248895752313,1.0,1.0,1.0
368.368969206403,1.0,1.0,1.0
368.82806220729793,1.0,1.0,1.0
369.1150231466244,1.0,1.0,1.0
369.34359961286737,1.0,1.0,1.0
369.356643308416,1.0,1.0,1.0
369.6904010401223,1.0,1.0,1.0
369.80233040072176,1.0,1.0,1.0
369.8053899645732,1.0,1.0,1.0
369.8704584301355,1.0,1.0,1.0
369.9477533078609,1.0,1.0,1.0
370.01551757107853,1.0,1.0,1.0
370.3889897406424,1.0,1.0,1.0
370.9875798459212,1.0,1.0,1.0
371.049659523375,1.0,1.0,1.0
371.056842573901,1.0,1.0,1.0
371.8485943966298,1.0,1.0,1.0
371.8927472309947,1.0,1.0,1.0
371.9295759407617,1.0,1.0,1.0
372.1136281406396,1.0,1.0,1.0
372.178717812304,1.0,1.0,1.0
372.3089186744106,1.0,1.0,1.0
372.3858230450259,1.0,1.0,1.0
372.5644020729963,1.0,1.0,1.0
372.9490640528544,1.0,1.0,1.0
373.2104924126921,1.0,1.0,1.0
373.2457842411719,1.0,1.0,1.0
373.4715119167204,1.0,1.0,1.0
373.60515144956025,1.0,1.0,1.0
374.11867889543777,1.0,1.0,1.0
374.84078671259897,1.0,1.0,1.0
374.9234995997258,1.0,1.0,1.0
374.9953393077083,1.0,1.0,1.0
375.09688963067066,1.0,1.0,1.0
375.2560924742287,1.0,1.0,1.0
375.3507369863089,1.0,1.0,1.0
375.66622560250454,1.0,1.0,1.0
375.8696040439112,1.0,1.0,1.0
376.0813534988506,1.0,1.0,1.0
376.1291988247075,1.0,1.0,1.0
376.20078356211377,1.0,1.0,1.0
376.27126615775296,1.0,1.0,1.0
376.3151631664181,1.0,1.0,1.0
376.4766644389889,1.0,1.0,1.0
376.8241374332217,1.0,1.0,1.0
377.0132442749378,1.0,1.0,1.0
377.08077379612627,1.0,1.0,1.0
377.6862085097053,1.0,1.0,1.0
377.8051522966738,1.0,1.0,1.0
378.0057245931405,1.0,1.0,1.0
378.1880730316432,1.0,1.0,1.0
378.4194926822528,1.0,1.0,1.0
378.7418266575992,1.0,1.0,1.0
378.7778190885458,1.0,1.0,1.0
379.0715047552058,1.0,1.0,1.0
379.4340628318592,1.0,1.0,1.0
379.4372628330371,1.0,1.0,1.0
379.4846886959095,1.0,1.0,1.0
379.5476910954971,1.0,1.0,1.0
379.58274558208046,1.0,1.0,1.0
379.78741027779535,1.0,1.0,1.0
379.8281266072646,1.0,1.0,1.0
380.39004031485496,1.0,1.0,1.0
380.9197201349328,1.0,1.0,1.0
381.4569994138804,1.0,1.0,1.0
381.5137864616403,1.0,1.0,1.0
381.56992727494145,1.0,1.0,1.0
381.72347801685953,1.0,1.0,1.0
382.4462539066165,1.0,1.0,1.0
382.63643487186386,1.0,1.0,1.0
382.73732934875846,1.0,1.0,1.0
382.7437889393953,1.0,1.0,1.0
382.78358619780494,1.0,1.0,1.0
382.9590073311187,1.0,1.0,1.0
383.476820946618,1.0,1.0,1.0
383.60611048398425,1.0,1.0,1.0
383.6285240930732,1.0,1.0,1.0
383.8377099156488,1.0,1.0,1.0
384.8368089217389,1.0,1.0,1.0
384.8956429075012,1.0,1.0,1.0
385.10800022716785,1.0,1.0,1.0
385.33410956961126,1.0,1.0,1.0
385.4269567377975,1.0,1.0,1.0
385.53087071508133,1.0,1.0,1.0
385.5464602832197,1.0,1.0,1.0
385.5978020885432,1.0,1.0,1.0
386.2019403465314,1.0,1.0,1.0
386.8348091537256,1.0,1.0,1.0
386.89144250925176,1.0,1.0,1.0
386.8954001417381,1.0,1.0,1.0
387.24783094483337,1.0,1.0,1.0
387.6675253077375,1.0,1.0,1.0
387.8002229537713,1.0,1.0,1.0
387.9955794584873,1.0,1.0,1.0
387.9983905093431,1.0,1.0,1.0
388.2243100976516,1.0,1.0,1.0
388.75050716141914,1.0,1.0,1.0
388.8652869667704,1.0,1.0,1.0
388.9748774930616,1.0,1.0,1.0
389.2613418345383,1.0,1.0,1.0
389.3068117883336,1.0,1.0,1.0
389.311207633224,1.0,1.0,1.0
390.3320872513875,1.0,1.0,1.0
390.86052427718687,1.0,1.0,1.0
390.9505847191311,1.0,1.0,1.0
391.0160975236642,1.0,1.0,1.0
391.256315424016,1.0,1.0,1.0
391.4332525705243,1.0,1.0,1.0
391.5960452466324,1.0,1.0,1.0
391.7914847564056,1.0,1.0,1.0
391.9754121134577,1.0,1.0,1.0
392.1071258651232,1.0,1.0,1.0
392.37820317093616,1.0,1.0,1.0
392.721316767634,1.0,1.0,1.0
392.7559005485229,1.0,1.0,1.0
392.8056334772347,1.0,1.0,1.0
392.87111188836576,1.0,1.0,1.0
392.9105161373961,1.0,1.0,1.0
392.9752420274969,1.0,1.0,1.0
393.3513226126458,1.0,1.0,1.0
393.40111688209834,1.0,1.0,1.0
393.4739015022617,1.0,1.0,1.0
394.1537026130928,1.0,1.0,1.0
394.2005862904223,1.0,1.0,1.0
394.520116622396,1.0,1.0,1.0
394.68307427548456,1.0,1.0,1.0
394.9064894672319,1.0,1.0,1.0
395.5199374477388,1.0,1.0,1.0
395.69418176288053,1.0,1.0,1.0
395.7224162236041,1.0,1.0,1.0
397.05301732378433,1.0,1.0,1.0
397.63746912291936,1.0,1.0,1.0
398.15137714288954,1.0,1.0,1.0
398.39944226798167,1.0,1.0,1.0
398.4817334742287,1.0,1.0,1.0
398.6627250058301,1.0,1.0,1.0
398.7033959281764,1.0,1.0,1.0
399.225099159288,1.0,1.0,1.0
399.4261771487578,1.0,1.0,1.0
399.6411557855833,1.0,1.0,1.0
399.7402786972845,1.0,1.0,1.0
399.7610034879417,1.0,1.0,1.0
399.8576692415792,1.0,1.0,1.0
400.91672867280585,1.0,1.0,1.0
401.1885371425564,1.0,1.0,1.0
401.6018810208115,1.0,1.0,1.0
401.7791611924313,1.0,1.0,1.0
401.8620115177071,1.0,1.0,1.0
402.1068262486298,1.0,1.0,1.0
402.7037505356183,1.0,1.0,1.0
403.23684890234784,1.0,1.0,1.0
404.0096754317199,1.0,1.0,1.0
404.0293978341195,1.0,1.0,1.0
404.05700489091606,1.0,1.0,1.0
404.5249347521079,1.0,1.0,1.0
404.6112676426688,1.0,1.0,1.0
404.83331096067576,1.0,1.0,1.0
405.30970268586566,1.0,1.0,1.0
405.8075403375355,1.0,1.0,1.0
406.0057692251165,1.0,1.0,1.0
406.0125053845751,1.0,1.0,1.0
406.9782100372842,1.0,1.0,1.0
407.19531084088936,1.0,1.0,1.0
407.7109064631029,1.0,1.0,1.0
407.92122454729144,1.0,1.0,1.0
407.9677481197969,1.0,1.0,1.0
408.22052686662414,1.0,1.0,1.0
408.26068181533986,1.0,1.0,1.0
408.4871862821417,1.0,1.0,1.0
409.6262535632955,1.0,1.0,1.0
409.8197909363508,1.0,1.0,1.0
410.1750034164274,1.0,1.0,1.0
410.1853558378684,1.0,1.0,1.0
410.3298634129469,1.0,1.0,1.0
410.5315824562069,1.0,1.0,1.0
410.6594411373883,1.0,1.0,1.0
411.0432161275573,1.0,1.0,1.0
411.0453327746319,1.0,1.0,1.0
411.5181429740094,1.0,1.0,1.0
411.9753686266418,1.0,1.0,1.0
412.1968327880629,1.0,1.0,1.0
412.6364738541404,1.0,1.0,1.0
412.69651618407954,1.0,1.0,1.0
412.8080584161128,1.0,1.0,1.0
412.9202157483848,1.0,1.0,1.0
413.1137027475398,1.0,1.0,1.0
413.1322882416004,1.0,1.0,1.0
413.177396620567,1.0,1.0,1.0
413.3753297640485,1.0,1.0,1.0
413.63324719389544,1.0,1.0,1.0
413.8542424666932,1.0,1.0,1.0
414.2225050214608,1.0,1.0,1.0
414.38498110199333,1.0,1.0,1.0
414.49207851748344,1.0,1.0,1.0
414.8206658613248,1.0,1.0,1.0
415.0882426285104,1.0,1.0,1.0
415.2350626658696,1.0,1.0,1.0
416.2474710806623,1.0,1.0,1.0
416.339699722275,1.0,1.0,1.0
416.4759395382691,1.0,1.0,1.0
416.56864404184495,1.0,1.0,1.0
416.787993689025,1.0,1.0,1.0
416.9108020961808,1.0,1.0,1.0
417.0994931678542,1.0,1.0,1.0
417.18301508093583,1.0,1.0,1.0
417.5588966129956,1.0,1.0,1.0
418.650037962622,1.0,1.0,1.0
418.9616596310278,1.0,1.0,1.0
419.02259425284,1.0,1.0,1.0
419.0594936253328,1.0,1.0,1.0
419.780396593991,1.0,1.0,1.0
419.8672979731772,1.0,1.0,1.0
420.0545697324751,1.0,1.0,1.0
420.0655676530481,1.0,1.0,1.0
420.0673204577244,1.0,1.0,1.0
420.29134856580293,1.0,1.0,1.0
420.601504734033,1.0,1.0,1.0
420.6993784022076,1.0,1.0,1.0
420.7850895413253,1.0,1.0,1.0
420.92971462674166,1.0,1.0,1.0
421.3198109632103,1.0,1.0,1.0
421.3222704343216,1.0,1.0,1.0
421.4681629734392,1.0,1.0,1.0
421.5098054670809,1.0,1.0,1.0
421.62771213436383,1.0,1.0,1.0
423.0449594341378,1.0,1.0,1.0
423.19323652128736,1.0,1.0,1.0
423.21076608748297,1.0,1.0,1.0
423.2192242984861,1.0,1.0,1.0
423.2724106410986,1.0,1.0,1.0
423.34104077839794,1.0,1.0,1.0
423.871279671096,1.0,1.0,1.0
424.0558569719226,1.0,1.0,1.0
424.15269106434874,1.0,1.0,1.0
424.3281694566386,1.0,1.0,1.0
424.3727322430368,1.0,1.0,1.0
424.53920358477905,1.0,1.0,1.0
424.6639431817268,1.0,1.0,1.0
424.91271731036807,1.0,1.0,1.0
425.03839017717365,1.0,1.0,1.0
425.66768661362863,1.0,1.0,1.0
425.7862811378772,1.0,1.0,1.0
425.8479924853891,1.0,1.0,1.0
425.9916478899318,1.0,1.0,1.0
426.0147838880296,1.0,1.0,1.0
426.07188185984813,1.0,1.0,1.0
426.2834512641446,1.0,1.0,1.0
426.77614651669967,1.0,1.0,1.0
426.8075759452224,1.0,1.0,1.0
426.81239804267955,1.0,1.0,1.0
426.8870443606267,1.0,1.0,1.0
427.05887800382453,1.0,1.0,1.0
427.2768205959873,1.0,1.0,1.0
428.19424250962567,1.0,1.0,1.0
428.330640280425,1.0,1.0,1.0
428.48744813081606,1.0,1.0,1.0
428.5303815878166,1.0,1.0,1.0
428.6788275687806,1.0,1.0,1.0
428.7597364225976,1.0,1.0,1.0
429.0279094455744,1.0,1.0,1.0
429.171825684332,1.0,1.0,1.0
429.2175764295567,1.0,1.0,1.0
429.2619382202607,1.0,1.0,1.0
429.40810929803945,1.0,1.0,1.0
429.6526578019173,1.0,1.0,1.0
430.0741477601389,1.0,1.0,1.0
430.4993957218055,1.0,1.0,1.0
430.767764194105,1.0,1.0,1.0
430.8167541727682,1.0,1.0,1.0
431.11749313686886,1.0,1.0,1.0
431.29271856005994,1.0,1.0,1.0
431.3282141878853,1.0,1.0,1.0
431.7508579519034,1.0,1.0,1.0
432.16270210918947,1.0,1.0,1.0
432.7067363344071,1.0,1.0,1.0
432.9180675323889,1.0,1.0,1.0
433.42972536717315,1.0,1.0,1.0
433.46442524312215,1.0,1.0,1.0
434.070490158775,1.0,1.0,1.0
434.32105852576046,1.0,1.0,1.0
434.83133367068433,1.0,1.0,1.0
434.9540520252387,1.0,1.0,1.0
434.95892206847856,1.0,1.0,1.0
436.2723760984963,1.0,1.0,1.0
436.54759374075303,1.0,1.0,1.0
436.55955636118233,1.0,1.0,1.0
436.5997297779957,1.0,1.0,1.0
436.67398632671103,1.0,1.0,1.0
436.83600595942454,1.0,1.0,1.0
437.6314086633778,1.0,1.0,1.0
437.7092491739407,1.0,1.0,1.0
437.8096421095705,1.0,1.0,1.0
438.5063758319735,1.0,1.0,1.0
438.8292963774121,1.0,1.0,1.0
438.92486238075566,1.0,1.0,1.0
439.2276970649399,1.0,1.0,1.0
439.8174688277205,1.0,1.0,1.0
440.1224736823793,1.0,1.0,1.0
440.3643441121644,1.0,1.0,1.0
440.4877186846426,1.0,1.0,1.0
440.554136809531,1.0,1.0,1.0
440.7235862693203,1.0,1.0,1.0
441.4132536028211,1.0,1.0,1.0
441.46005376571543,1.0,1.0,1.0
442.0409990606846,1.0,1.0,1.0
442.2601692993997,1.0,1.0,1.0
442.29232495361225,1.0,1.0,1.0
442.32021811913535,1.0,1.0,1.0
442.39985610093254,1.0,1.0,1.0
442.40352612922015,1.0,1.0,1.0
442.43835422645634,1.0,1.0,1.0
442.46497761865743,1.0,1.0,1.0
442.5660284947584,1.0,1.0,1.0
442.6632661035824,1.0,1.0,1.0
443.225501398426,1.0,1.0,1.0
443.2829488353049,1.0,1.0,1.0
443.3281416687864,1.0,1.0,1.0
443.43793452283774,1.0,1.0,1.0
443.8834668660365,1.0,1.0,1.0
443.9161495068878,1.0,1.0,1.0
444.03491873511183,1.0,1.0,1.0
444.1295278391821,1.0,1.0,1.0
444.50463140454394,1.0,1.0,1.0
444.6689102810858,1.0,1.0,1.0
444.6980729049927,1.0,1.0,1.0
444.802074294184,1.0,1.0,1.0
445.35660688604503,1.0,1.0,1.0
445.5495649019085,1.0,1.0,1.0
445.8780834281198,1.0,1.0,1.0
445.8785739055253,1.0,1.0,1.0
446.21102069668217,1.0,1.0,1.0
446.3635553527628,1.0,1.0,1.0
446.5412266486965,1.0,1.0,1.0
446.6137291926287,1.0,1.0,1.0
447.5028286842579,1.0,1.0,1.0
447.68403968844456,1.0,1.0,1.0
447.7668597958238,1.0,1.0,1.0
447.81519520987194,1.0,1.0,1.0
448.2794382530776,1.0,1.0,1.0
448.360709028857,1.0,1.0,1.0
448.4023556931787,1.0,1.0,1.0
448.7219041756261,1.0,1.0,1.0
448.82662194717017,1.0,1.0,1.0
449.1557384472631,1.0,1.0,1.0
449.6538295290766,1.0,1.0,1.0
449.7572196592274,1.0,1.0,1.0
449.8695826840355,1.0,1.0,1.0
449.94483206699346,1.0,1.0,1.0
450.0941744273432,1.0,1.0,1.0
450.5295160958032,1.0,1.0,1.0
451.187732929034,1.0,1.0,1.0
451.56409328080986,1.0,1.0,1.0
451.6236931776208,1.0,1.0,1.0
451.63746546679624,1.0,1.0,1.0
451.6883342858793,1.0,1.0,1.0
451.88652346360055,1.0,1.0,1.0
452.1479249021756,1.0,1.0,1.0
452.2266840081903,1.0,1.0,1.0
452.2802742274452,1.0,1.0,1.0
452.56298413844695,1.0,1.0,1.0
452.58991278454187,1.0,1.0,1.0
452.74571881482626,1.0,1.0,1.0
452.80070529231426,1.0,1.0,1.0
453.1958331677059,1.0,1.0,1.0
453.4542754183242,1.0,1.0,1.0
453.7399143119633,1.0,1.0,1.0
453.9083294568819,1.0,1.0,1.0
454.2435587293136,1.0,1.0,1.0
454.3177071116756,1.0,1.0,1.0
454.723773335094,1.0,1.0,1.0
454.7984983092094,1.0,1.0,1.0
455.1102806385514,1.0,1.0,1.0
455.1544191090382,1.0,1.0,1.0
455.4349917396856,1.0,1.0,1.0
455.4468081195925,1.0,1.0,1.0
456.0927457066644,1.0,1.0,1.0
456.3384331360933,1.0,1.0,1.0
457.13592934657936,1.0,1.0,1.0
457.52450062392586,1.0,1.0,1.0
457.83210938952726,1.0,1.0,1.0
458.2201307407651,1.0,1.0,1.0
458.31571559136546,1.0,1.0,1.0
458.4069406562969,1.0,1.0,1.0
458.5503105138178,1.0,1.0,1.0
459.0349859235841,1.0,1.0,1.0
459.0573023770054,1.0,1.0,1.0
459.1708555636731,1.0,1.0,1.0
459.6731704935754,1.0,1.0,1.0
459.7678081606557,1.0,1.0,1.0
460.0135350635535,1.0,1.0,1.0
460.2992871191192,1.0,1.0,1.0
460.4920684987867,1.0,1.0,1.0
460.59529815054555,1.0,1.0,1.0
460.9163912815843,1.0,1.0,1.0
461.25220192922507,1.0,1.0,1.0
461.2788793063753,1.0,1.0,1.0
461.5381328757535,1.0,1.0,1.0
462.42546703663584,1.0,1.0,1.0
462.745807678758,1.0,1.0,1.0
462.74713953214166,1.0,1.0,1.0
462.77941988160103,1.0,1.0,1.0
462.8694201131283,1.0,1.0,1.0
463.05494470169225,1.0,1.0,1.0
463.4178535322899,1.0,1.0,1.0
463.8594073138943,1.0,1.0,1.0
463.884019353027,1.0,1.0,1.0
464.0115871188013,1.0,1.0,1.0
464.5300908124528,1.0,1.0,1.0
464.9094565746972,1.0,1.0,1.0
464.9229833667734,1.0,1.0,1.0
465.32359915748407,1.0,1.0,1.0
465.41563558777216,1.0,1.0,1.0
465.48986717829087,1.0,1.0,1.0
465.4940459405089,1.0,1.0,1.0
465.59689315187114,1.0,1.0,1.0
466.3991755922457,1.0,1.0,1.0
466.5672389934619,1.0,1.0,1.0
466.7524969519705,1.0,1.0,1.0
466.7622562624529,1.0,1.0,1.0
466.8241505811732,1.0,1.0,1.0
466.8449937100625,1.0,1.0,1.0
467.223263206493,1.0,1.0,1.0
467.4171278483165,1.0,1.0,1.0
467.5270480076677,1.0,1.0,1.0
467.86441936766425,1.0,1.0,1.0
468.06966168329814,1.0,1.0,1.0
468.13393429746475,1.0,1.0,1.0
468.21344704838776,1.0,1.0,1.0
468.3290741430907,1.0,1.0,1.0
469.55013472194486,1.0,1.0,1.0
469.9434325770259,1.0,1.0,1.0
470.0632135955296,1.0,1.0,1.0
470.4712437370492,1.0,1.0,1.0
470.7732681248439,1.0,1.0,1.0
470.9343581778143,1.0,1.0,1.0
471.03313649164505,1.0,1.0,1.0
472.3002939079082,1.0,1.0,1.0
472.4078194546797,1.0,1.0,1.0
472.4522410313395,1.0,1.0,1.0
472.8620126109493,1.0,1.0,1.0
473.1649121675297,1.0,1.0,1.0
474.3303946864462,1.0,1.0,1.0
475.9233319362741,1.0,1.0,1.0
476.0985398781663,1.0,1.0,1.0
476.136964255064,1.0,1.0,1.0
476.23340037614014,1.0,1.0,1.0
476.5059126398651,1.0,1.0,1.0
476.5070670643838,1.0,1.0,1.0
476.8179716074025,1.0,1.0,1.0
476.8320336264072,1.0,1.0,1.0
477.0155046537012,1.0,1.0,1.0
477.15515408855094,1.0,1.0,1.0
477.40310508756306,1.0,1.0,1.0
477.4267644037859,1.0,1.0,1.0
477.8373487625629,1.0,1.0,1.0
477.8429639349011,1.0,1.0,1.0
477.8504040710821,1.0,1.0,1.0
477.9798803717631,1.0,1.0,1.0
478.138631307073,1.0,1.0,1.0
478.1438009765307,1.0,1.0,1.0
478.3251342658068,1.0,1.0,1.0
478.70613482372966,1.0,1.0,1.0
478.8472577241977,1.0,1.0,1.0
479.4230901803199,1.0,1.0,1.0
479.6097570471538,1.0,1.0,1.0
480.0542830204405,1.0,1.0,1.0
480.10195089050006,1.0,1.0,1.0
480.10849907275787,1.0,1.0,1.0
480.5098831292094,1.0,1.0,1.0
480.5825960848537,1.0,1.0,1.0
481.14251608323247,1.0,1.0,1.0
481.223314399668,1.0,1.0,1.0
481.4207126618936,1.0,1.0,1.0
481.4464824450139,1.0,1.0,1.0
481.6007178362124,1.0,1.0,1.0
481.61151829480576,1.0,1.0,1.0
481.8952149331388,1.0,1.0,1.0
481.9152398998309,1.0,1.0,1.0
482.4227385814488,1.0,1.0,1.0
482.5065398058142,1.0,1.0,1.0
482.5690160667748,1.0,1.0,1.0
482.63953425876343,1.0,1.0,1.0
482.7836219501888,1.0,1.0,1.0
483.34204074673016,1.0,1.0,1.0
483.3490245261552,1.0,1.0,1.0
484.0968118356752,1.0,1.0,1.0
484.1651571212685,1.0,1.0,1.0
484.6262261321143,1.0,1.0,1.0
484.6370275992589,1.0,1.0,1.0
484.81783453404614,1.0,1.0,1.0
485.37784603431646,1.0,1.0,1.0
485.7142270206672,1.0,1.0,1.0
485.96004691073824,1.0,1.0,1.0
486.11107603748866,1.0,1.0,1.0
486.1434863173742,1.0,1.0,1.0
486.1804987509728,1.0,1.0,1.0
486.6574563528945,1.0,1.0,1.0
487.0249053406566,1.0,1.0,1.0
487.0546171855759,1.0,1.0,1.0
487.31834820110873,1.0,1.0,1.0
487.50416955721414,1.0,1.0,1.0
488.672826271134,1.0,1.0,1.0
488.93358561319,1.0,1.0,1.0
488.9709559739307,1.0,1.0,1.0
489.5577397387378,1.0,1.0,1.0
489.58493164572616,1.0,1.0,1.0
489.62652563886513,1.0,1.0,1.0
489.7595952290797,1.0,1.0,1.0
489.95064373391347,1.0,1.0,1.0
490.20832693343266,1.0,1.0,1.0
490.357185503498,1.0,1.0,1.0
490.4935502680096,1.0,1.0,1.0
490.4951353113079,1.0,1.0,1.0
490.588358560411,1.0,1.0,1.0
490.61424182772714,1.0,1.0,1.0
490.6168783055579,1.0,1.0,1.0
491.04535077424833,1.0,1.0,1.0
491.1562101789336,1.0,1.0,1.0
491.54113493109105,1.0,1.0,1.0
491.6556871558954,1.0,1.0,1.0
492.0197089343215,1.0,1.0,1.0
492.14613744078247,1.0,1.0,1.0
492.5633622586692,1.0,1.0,1.0
492.5942427697446,1.0,1.0,1.0
492.7627718943917,1.0,1.0,1.0
492.9222331028744,1.0,1.0,1.0
493.34075039261165,1.0,1.0,1.0
493.6626179898437,1.0,1.0,1.0
494.0343119409302,1.0,1.0,1.0
494.45770422056495,1.0,1.0,1.0
494.6058119497603,1.0,1.0,1.0
494.8243397629169,1.0,1.0,1.0
494.98458624553456,1.0,1.0,1.0
495.2047374754751,1.0,1.0,1.0
495.75345288710304,1.0,1.0,1.0
496.1781362717079,1.0,1.0,1.0
496.4664576856696,1.0,1.0,1.0
496.5028063382456,1.0,1.0,1.0
496.6162620266046,1.0,1.0,1.0
497.1908763164401,1.0,1.0,1.0
497.2027762408971,1.0,1.0,1.0
497.41634044161594,1.0,1.0,1.0
497.5814013097734,1.0,1.0,1.0
498.00618608707833,1.0,1.0,1.0
498.2222082207133,1.0,1.0,1.0
498.3070659326894,1.0,1.0,1.0
498.3273657417475,1.0,1.0,1.0
498.42212705781594,1.0,1.0,1.0
498.5878697533169,1.0,1.0,1.0
498.6136141239395,1.0,1.0,1.0
498.6143501463762,1.0,1.0,1.0
498.7867290890909,1.0,1.0,1.0
499.03239251561007,1.0,1.0,1.0
499.10891769222434,1.0,1.0,1.0
499.281081769828,1.0,1.0,1.0
499.3450757742634,1.0,1.0,1.0
499.6495095158395,1.0,1.0,1.0
499.7524160511673,1.0,1.0,1.0
500.3786699831555,1.0,1.0,1.0
500.64538579735927,1.0,1.0,1.0
500.72517213165975,1.0,1.0,1.0
500.8809780259648,1.0,1.0,1.0
500.9288835429721,1.0,1.0,1.0
501.35878694682566,1.0,1.0,1.0
501.5528809804454,1.0,1.0,1.0
502.21410325351553,1.0,1.0,1.0
502.7167500808193,1.0,1.0,1.0
503.2910986501192,1.0,1.0,1.0
503.3449648817155,1.0,1.0,1.0
503.47956655909275,1.0,1.0,1.0
503.55669288143895,1.0,1.0,1.0
503.59833915459694,1.0,1.0,1.0
503.7113548286833,1.0,1.0,1.0
503.743151029212,1.0,1.0,1.0
503.7604300232018,1.0,1.0,1.0
503.898073038824,1.0,1.0,1.0
503.90740163358583,1.0,1.0,1.0
503.93607822081026,1.0,1.0,1.0
504.0471020334087,1.0,1.0,1.0
504.1955544377984,1.0,1.0,1.0
504.45963162346146,1.0,1.0,1.0
504.7884099018899,1.0,1.0,1.0
505.2034162017786,1.0,1.0,1.0
505.30964121505474,1.0,1.0,1.0
505.3998461875034,1.0,1.0,1.0
505.4986536241522,1.0,1.0,1.0
506.0751073041851,1.0,1.0,1.0
506.5933679722163,1.0,1.0,1.0
506.8634175972712,1.0,1.0,1.0
506.8656387467715,1.0,1.0,1.0
506.8780053931288,1.0,1.0,1.0
507.0791556043055,1.0,1.0,1.0
507.1487471427025,1.0,1.0,1.0
507.2079965321712,1.0,1.0,1.0
507.3294361898572,1.0,1.0,1.0
507.5380842126094,1.0,1.0,1.0
507.65753190828144,1.0,1.0,1.0
507.79099777500954,1.0,1.0,1.0
507.8676051978908,1.0,1.0,1.0
507.8921410223921,1.0,1.0,1.0
507.927133511581,1.0,1.0,1.0
507.989079935539,1.0,1.0,1.0
508.121024508943,1.0,1.0,1.0
508.17058210971254,1.0,1.0,1.0
508.2070634110008,1.0,1.0,1.0
508.25130748707073,1.0,1.0,1.0
508.3035007515333,1.0,1.0,1.0
508.5198303636063,1.0,1.0,1.0
508.587978423274,1.0,1.0,1.0
508.8456557050892,1.0,1.0,1.0
509.4649328899565,1.0,1.0,1.0
509.59144477120975,1.0,1.0,1.0
509.7615512812163,1.0,1.0,1.0
509.8089574043356,1.0,1.0,1.0
510.1163827243925,1.0,1.0,1.0
511.0341919791034,1.0,1.0,1.0
511.064886109973,1.0,1.0,1.0
511.88810138095704,1.0,1.0,1.0
511.9106542501735,1.0,1.0,1.0
511.9296208236969,1.0,1.0,1.0
511.9937011411295,1.0,1.0,1.0
512.0357983940272,1.0,1.0,1.0
512.326890897593,1.0,1.0,1.0
512.3733097974662,1.0,1.0,1.0
512.3947378543136,1.0,1.0,1.0
512.4356445830523,1.0,1.0,1.0
512.9213088353487,1.0,1.0,1.0
513.267013490982,1.0,1.0,1.0
513.2993841541678,1.0,1.0,1.0
513.5489717905926,1.0,1.0,1.0
513.8275576352644,1.0,1.0,1.0
513.8430450352888,1.0,1.0,1.0
514.1190695960738,1.0,1.0,1.0
514.3272133102428,1.0,1.0,1.0
514.4834411889636,1.0,1.0,1.0
514.4849490891669,1.0,1.0,1.0
514.931979419467,1.0,1.0,1.0
515.1244224958541,1.0,1.0,1.0
515.1807526557614,1.0,1.0,1.0
515.225872640086,1.0,1.0,1.0
515.2993581447298,1.0,1.0,1.0
515.3290350217871,1.0,1.0,1.0
516.691911773983,1.0,1.0,1.0
517.2007447210235,1.0,1.0,1.0
517.7289028379481,1.0,1.0,1.0
518.2195068600979,1.0,1.0,1.0
518.3807652695361,1.0,1.0,1.0
518.8930405837515,1.0,1.0,1.0
519.0101848786379,1.0,1.0,1.0
519.4161843336782,1.0,1.0,1.0
519.9062129424346,1.0,1.0,1.0
520.1017707036816,1.0,1.0,1.0
520.1298049431103,1.0,1.0,1.0
520.2003584583604,1.0,1.0,1.0
520.422350965783,1.0,1.0,1.0
520.4288112625217,1.0,1.0,1.0
520.5070691033778,1.0,1.0,1.0
520.5924237741289,1.0,1.0,1.0
520.7228140784055,1.0,1.0,1.0
521.1127069467151,1.0,1.0,1.0
521.3174983642853,1.0,1.0,1.0
521.3199372821349,1.0,1.0,1.0
521.6147426093978,1.0,1.0,1.0
521.6941369911486,1.0,1.0,1.0
522.5543782789158,1.0,1.0,1.0
522.6067294148584,1.0,1.0,1.0
522.75357988676,1.0,1.0,1.0
523.0320103296577,1.0,1.0,1.0
523.2395330629212,1.0,1.0,1.0
523.3666808229341,1.0,1.0,1.0
523.5722078027635,1.0,1.0,1.0
523.6915047191629,1.0,1.0,1.0
523.7166981674285,1.0,1.0,1.0
524.0499868515625,1.0,1.0,1.0
524.5963839823211,1.0,1.0,1.0
524.683836366283,1.0,1.0,1.0
525.4789065090049,1.0,1.0,1.0
525.9695176542173,1.0,1.0,1.0
526.0608534233755,1.0,1.0,1.0
526.1032269466808,1.0,1.0,1.0
526.7375420633,1.0,1.0,1.0
526.8737678322769,1.0,1.0,1.0
526.977438765665,1.0,1.0,1.0
527.1872919494372,1.0,1.0,1.0
527.2538689333653,1.0,1.0,1.0
528.1807973131731,1.0,1.0,1.0
528.1972083330498,1.0,1.0,1.0
528.3361594202628,1.0,1.0,1.0
528.3938306546087,1.0,1.0,1.0
528.4568304704666,1.0,1.0,1.0
529.1786951867381,1.0,1.0,1.0
529.354236481451,1.0,1.0,1.0
529.4845363671919,1.0,1.0,1.0
529.8214073479754,1.0,1.0,1.0
530.0464566390345,1.0,1.0,1.0
530.7465600283276,1.0,1.0,1.0
530.8392608247166,1.0,1.0,1.0
531.1465642323038,1.0,1.0,1.0
531.2346785457357,1.0,1.0,1.0
531.4841619545133,1.0,1.0,1.0
531.5242665325659,1.0,1.0,1.0
531.6286300889584,1.0,1.0,1.0
531.698998410209,1.0,1.0,1.0
532.2916101433933,1.0,1.0,1.0
532.3709932881977,1.0,1.0,1.0
532.5216330103655,1.0,1.0,1.0
532.6425984696069,1.0,1.0,1.0
532.6479717121658,1.0,1.0,1.0
532.6527364401992,1.0,1.0,1.0
532.8412376776458,1.0,1.0,1.0
532.8426013884571,1.0,1.0,1.0
533.121192011837,1.0,1.0,1.0
533.1421731894577,1.0,1.0,1.0
533.3326888782416,1.0,1.0,1.0
533.6793733282221,1.0,1.0,1.0
533.8721750898237,1.0,1.0,1.0
534.1843283119535,1.0,1.0,1.0
534.3080507610217,1.0,1.0,1.0
534.384870060504,1.0,1.0,1.0
534.6311870436638,1.0,1.0,1.0
535.2975414174731,1.0,1.0,1.0
535.8307626154779,1.0,1.0,1.0
535.9669678123723,1.0,1.0,1.0
536.0999778707343,1.0,1.0,1.0
536.3954662238475,1.0,1.0,1.0
536.7778789285475,1.0,1.0,1.0
536.9784014676685,1.0,1.0,1.0
537.132100594793,1.0,1.0,1.0
537.141717523626,1.0,1.0,1.0
537.2238061775428,1.0,1.0,1.0
537.3179723012806,1.0,1.0,1.0
537.5069290321724,1.0,1.0,1.0
537.5245131856232,1.0,1.0,1.0
537.8145772211376,1.0,1.0,1.0
537.9172864439677,1.0,1.0,1.0
538.2532907298277,1.0,1.0,1.0
538.7487039624737,1.0,1.0,1.0
538.8320565016646,1.0,1.0,1.0
539.5786985909845,1.0,1.0,1.0
540.4102741621889,1.0,1.0,1.0
540.7847540959884,1.0,1.0,1.0
540.8687054136403,1.0,1.0,1.0
540.8721474893996,1.0,1.0,1.0
540.9006407535451,1.0,1.0,1.0
541.3564432876983,1.0,1.0,1.0
541.8066454263419,1.0,1.0,1.0
541.821632126661,1.0,1.0,1.0
542.0553711803698,1.0,1.0,1.0
542.1194069080217,1.0,1.0,1.0
542.2828392412865,1.0,1.0,1.0
542.3000351649347,1.0,1.0,1.0
542.3475571994594,1.0,1.0,1.0
542.4352862976629,1.0,1.0,1.0
542.4419753274271,1.0,1.0,1.0
542.4605759104269,1.0,1.0,1.0
542.4936586284789,1.0,1.0,1.0
542.6423594164987,1.0,1.0,1.0
542.8850655237834,1.0,1.0,1.0
542.9062210866367,1.0,1.0,1.0
543.2659288065964,1.0,1.0,1.0
543.4365467676523,1.0,1.0,1.0
543.479553433356,1.0,1.0,1.0
543.5370384879383,1.0,1.0,1.0
543.7141420442827,1.0,1.0,1.0
543.7456922366081,1.0,1.0,1.0
543.9135178573792,1.0,1.0,1.0
543.929116590298,1.0,1.0,1.0
543.9784908926138,1.0,1.0,1.0
544.1643643260253,1.0,1.0,1.0
544.203414476828,1.0,1.0,1.0
544.6907805996722,1.0,1.0,1.0
545.0507034474249,1.0,1.0,1.0
545.2308143703837,1.0,1.0,1.0
545.342872504157,1.0,1.0,1.0
545.545259305504,1.0,1.0,1.0
545.6997430697782,1.0,1.0,1.0
546.1126806646988,1.0,1.0,1.0
546.1454331891164,1.0,1.0,1.0
546.6252450778155,1.0,1.0,1.0
546.8937708869486,1.0,1.0,1.0
547.0300200637803,1.0,1.0,1.0
547.0323432853152,1.0,1.0,1.0
547.2341907505252,1.0,1.0,1.0
547.3032344167826,1.0,1.0,1.0
547.3347712658419,1.0,1.0,1.0
547.3551644209919,1.0,1.0,1.0
547.8060718867024,1.0,1.0,1.0
547.984806049208,1.0,1.0,1.0
548.1254399650439,1.0,1.0,1.0
548.4497144353462,1.0,1.0,1.0
548.8016370173199,1.0,1.0,1.0
549.227513651378,1.0,1.0,1.0
549.9688925919517,1.0,1.0,1.0
549.9843153145283,1.0,1.0,1.0
550.0099185481499,1.0,1.0,1.0
550.3362800575969,1.0,1.0,1.0
550.4472782550666,1.0,1.0,1.0
550.7138213976968,1.0,1.0,1.0
550.7334088420321,1.0,1.0,1.0
551.2663580566629,1.0,1.0,1.0
551.6230402232536,1.0,1.0,1.0
552.0847068350294,1.0,1.0,1.0
552.1073839342374,1.0,1.0,1.0
552.5061239794561,1.0,1.0,1.0
552.8355773833209,1.0,1.0,1.0
552.8607384878446,1.0,1.0,1.0
552.8656763913104,1.0,1.0,1.0
553.028226310077,1.0,1.0,1.0
553.4551885277634,1.0,1.0,1.0
553.6391326627581,1.0,1.0,1.0
553.7006918173341,1.0,1.0,1.0
554.00802465176,1.0,1.0,1.0
554.7631689731745,1.0,1.0,1.0
554.8144288084443,1.0,1.0,1.0
555.6001243493879,1.0,1.0,1.0
555.6300754738171,1.0,1.0,1.0
555.6659126425578,1.0,1.0,1.0
555.7856825426472,1.0,1.0,1.0
556.2340957811433,1.0,1.0,1.0
556.3960405053467,1.0,1.0,1.0
556.4832841053922,1.0,1.0,1.0
556.5485480575118,1.0,1.0,1.0
556.6232923899452,1.0,1.0,1.0
556.6772547365064,1.0,1.0,1.0
556.7984790519611,1.0,1.0,1.0
556.8415028408376,1.0,1.0,1.0
556.9968048449537,1.0,1.0,1.0
557.3262528424715,1.0,1.0,1.0
557.815942855687,1.0,1.0,1.0
558.2006398168058,1.0,1.0,1.0
558.7922495913955,1.0,1.0,1.0
558.8418791409972,1.0,1.0,1.0
558.9612314006827,1.0,1.0,1.0
559.0046235398811,1.0,1.0,1.0
559.0902249086786,1.0,1.0,1.0
559.4753927616329,1.0,1.0,1.0
559.5065210389107,1.0,1.0,1.0
559.6009100884341,1.0,1.0,1.0
559.7365457515721,1.0,1.0,1.0
559.8527543622066,1.0,1.0,1.0
560.3503931591073,1.0,1.0,1.0
560.4421547906226,1.0,1.0,1.0
560.5459481637994,1.0,1.0,1.0
560.6446180833708,1.0,1.0,1.0
560.7028575717546,1.0,1.0,1.0
560.989451757502,1.0,1.0,1.0
561.1113256714943,1.0,1.0,1.0
561.3466636128918,1.0,1.0,1.0
561.3883792970786,1.0,1.0,1.0
561.6009604670618,1.0,1.0,1.0
561.9868574090125,1.0,1.0,1.0
562.1178112819465,1.0,1.0,1.0
562.2457696786227,1.0,1.0,1.0
562.3202333234373,1.0,1.0,1.0
562.3447417813722,1.0,1.0,1.0
562.8840851946592,1.0,1.0,1.0
563.0136321001344,1.0,1.0,1.0
563.1901254010676,1.0,1.0,1.0
563.5913991867685,1.0,1.0,1.0
563.7247256166028,1.0,1.0,1.0
563.8873545027392,1.0,1.0,1.0
564.3269067028115,1.0,1.0,1.0
564.5031613261347,1.0,1.0,1.0
564.5153130201205,1.0,1.0,1.0
565.0974593238822,1.0,1.0,1.0
565.1981723093699,1.0,1.0,1.0
565.37924838942,1.0,1.0,1.0
565.4995451080414,1.0,1.0,1.0
565.6919990942403,1.0,1.0,1.0
566.321788397225,1.0,1.0,1.0
566.4080991395534,1.0,1.0,1.0
566.4201274341268,1.0,1.0,1.0
566.5233440476748,1.0,1.0,1.0
566.5369399533998,1.0,1.0,1.0
566.763020178346,1.0,1.0,1.0
567.1494841282795,1.0,1.0,1.0
567.174320907862,1.0,1.0,1.0
567.2726438786241,1.0,1.0,1.0
567.447275073784,1.0,1.0,1.0
567.8939809791241,1.0,1.0,1.0
567.9975038912822,1.0,1.0,1.0
568.1161701473446,1.0,1.0,1.0
568.3097411729168,1.0,1.0,1.0
568.521680206735,1.0,1.0,1.0
568.7424773812365,1.0,1.0,1.0
568.9299434225463,1.0,1.0,1.0
569.6890917482398,1.0,1.0,1.0
570.2034838204147,1.0,1.0,1.0
570.7099996925886,1.0,1.0,1.0
570.7469305295766,1.0,1.0,1.0
570.8413912450167,1.0,1.0,1.0
571.0897420687936,1.0,1.0,1.0
571.2189808616941,1.0,1.0,1.0
571.2856660432567,1.0,1.0,1.0
571.3805170716274,1.0,1.0,1.0
571.486667986714,1.0,1.0,1.0
571.6258910509858,1.0,1.0,1.0
572.3512950215468,1.0,1.0,1.0
572.4771654004418,1.0,1.0,1.0
572.615495959253,1.0,1.0,1.0
573.2423362070756,1.0,1.0,1.0
573.4371338684065,1.0,1.0,1.0
573.5392874792301,1.0,1.0,1.0
573.6501349335235,1.0,1.0,1.0
573.940408376601,1.0,1.0,1.0
574.2571974083571,0.0,0.0,0.0
